Time,Steer Command
0,0.06706743184408337
1,0.9795969165421214
2,0.3358233037901768
3,0.4053810713163082
4,-0.11268043643219916
5,-0.3904848184660952
6,0.4496234272972752
7,-0.10254965884765976
8,0.555388891078088
9,0.6440734801729566
10,-0.8257811535640511
11,0.8469143250150415
12,0.9732617230684941
13,0.6434313878877209
14,-0.8330061796154651
15,0.21777977726379416
16,-0.17047645694781544
17,0.13208383303916538
18,-0.040505380553776726
19,-0.47091920505102824
20,0.4374553694856016
21,0.32089227667699527
22,0.6112366323522089
23,0.29436644717342464
24,0.5422408111983139
25,-0.27313630900350083
26,-0.30813313890238203
27,-0.18870741705408323
28,-0.8915201182433468
29,0.7402620966755042
30,0.6461504221959931
31,0.4626504859691851
32,-0.4199752137953383
33,-0.5303862529362044
34,-0.09976924773684859
35,0.20726717687895446
36,0.5605125268567626
37,0.18135289368188934
38,-0.4643603563879295
39,-0.8436369173054701
40,-0.30145187099889714
41,-0.23224530134079036
42,0.041782235587651595
43,0.5877992838781239
44,-0.7706603070667319
45,0.4539135458730499
46,0.22801641249272175
47,-0.48275915804363145
48,-0.06753425485489362
49,0.31171734690683683
50,0.9353870005071865
51,0.8047248846510178
52,-0.9162694323424208
53,0.5589926473948597
54,-0.6479945276985175
55,-0.5596280346586042
56,0.5406219884124461
57,0.10383891202087114
58,0.09272186037619634
59,0.17056524749380597
60,-0.038491859972579645
61,-0.7540178617552853
62,-0.33077317936659023
63,-0.976522189245961
64,-0.992082145135124
65,-0.574536802566147
66,-0.9139296528905669
67,-0.4558169633600484
68,0.9403039551192454
69,-0.04844295234547058
