Time,Steer Command
0,-0.8799979288087107
0,-0.34412927840294083
0,0.31926797768581183
0,-0.04976526847844842
0,0.42736853801126307
0,-0.10693744225691582
0,-0.4615301370376681
0,0.04426637889122653
0,0.18066574190376006
0,0.823366815043884
0,-0.5008649197498212
0,-0.9554801365307601
0,-0.6885618930384452
0,-0.7465699453109256
0,-0.17174816534730852
1,-0.6945922768292778
2,0.9743678598092826
3,-0.006656622083609287
4,-0.4537984803243229
5,0.48752091400425934
6,-0.69234928360001
7,-0.15001993170604577
8,-0.3653428260300218
9,0.10736717368229254
10,-0.06887906989331016
11,0.9024292695920269
12,-0.08204992937804367
13,0.18457690732147158
14,-0.6963311567659551
15,0.4019109763722184
16,-0.3319487716265006
17,-0.2823513150357644
18,0.3930229768261182
19,-0.9943622438186432
20,-0.23659471280030675
21,-0.2654414468897921
22,-0.1617990115084531
23,0.6789201661667186
24,0.3262258975221395
25,-0.5709863743804549
26,0.15538860983579705
27,-0.07598862000322648
28,-0.25211339486535733
29,-0.8967361425024454
30,0.7929160794108505
31,-0.12062334625018623
32,-0.9486831367879525
33,0.0856016652166176
34,-0.7682528731737435
35,0.8735133341093249
36,-0.8474929256380741
37,0.8756209818035028
38,-0.35739089243669686
39,-0.7274479009061656
40,0.7256634994966051
41,0.6354573961834353
42,0.06262264399488493
43,-0.8527713960137706
44,-0.17064119330649352
45,-0.9535397344605396
46,-0.5255640923761269
